"Package","Version"
"abind","1.4-8"
"annotate","1.90.0"
"AnnotationDbi","1.74.0"
"ape","5.8-1"
"arrow","25.0.1"
"askpass","1.2.1"
"assertthat","0.2.1"
"backports","1.5.1"
"base","4.6.0"
"base64enc","0.1-6"
"beeswarm","0.4.0"
"BH","1.90.0-1"
"bigD","0.3.1"
"Biobase","2.72.0"
"BiocGenerics","0.58.1"
"BiocManager","1.30.27"
"BiocVersion","3.23.1"
"Biostrings","2.80.2"
"bit","4.6.0"
"bit64","4.8.6"
"bitops","1.1-0"
"blob","1.3.0"
"boot","1.3-32"
"brew","1.0-10"
"brio","1.1.5"
"broom","1.0.13"
"bslib","0.12.0"
"cachem","1.1.0"
"Cairo","1.7-0"
"callr","3.8.0"
"cards","0.9.0"
"cardx","0.3.4"
"caTools","1.18.4"
"cellranger","1.1.0"
"circlize","0.4.18"
"class","7.3-24"
"classInt","0.4-11"
"cli","3.6.6"
"clipr","0.8.1"
"clue","0.3-68"
"cluster","2.1.8.3"
"coda","0.19-4.1"
"codetools","0.2-20"
"coloc","5.2.3"
"colorspace","2.1-3"
"commonmark","2.0.0"
"compiler","4.6.0"
"ComplexHeatmap","2.28.0"
"corpcor","1.6.10"
"cowplot","1.2.0"
"cpp11","0.5.5"
"crayon","1.5.3"
"credentials","2.0.3"
"crosstalk","1.2.2"
"curl","8.0.0"
"data.table","1.18.6.1"
"datasets","4.6.0"
"DBI","1.3.0"
"DelayedArray","0.38.2"
"deldir","2.0-4"
"DEoptimR","1.2-1"
"desc","1.4.3"
"devtools","2.5.2"
"diffobj","0.3.9"
"digest","0.6.39"
"doParallel","1.0.17"
"dotCall64","1.2"
"downlit","0.4.5"
"dplyr","1.2.1"
"dqrng","0.4.1"
"e1071","1.7-17"
"edgeR","4.10.5"
"ellipsis","0.3.3"
"enrichR","3.4"
"EpiDISH","2.28.0"
"evaluate","1.0.5"
"fansi","1.0.7"
"farver","2.1.2"
"fastDummies","1.7.6"
"fastmap","1.2.0"
"fitdistrplus","1.2-6"
"FNN","1.1.4.1"
"fontawesome","0.5.3"
"forcats","1.0.1"
"foreach","1.5.2"
"foreign","0.8-91"
"formatR","1.14"
"fs","2.1.0"
"futile.logger","1.4.9"
"futile.options","1.0.1"
"future","1.75.0"
"future.apply","1.20.2"
"gdata","3.0.1"
"genefilter","1.94.0"
"generics","0.1.4"
"GenomicRanges","1.64.0"
"gert","2.4.1"
"GetoptLong","1.1.1"
"GGally","2.4.0"
"ggbeeswarm","0.7.3"
"ggplot2","4.0.3"
"ggrastr","1.0.2"
"ggrepel","0.9.8"
"ggridges","0.5.7"
"ggstats","0.14.0"
"ggtext","0.2.0"
"gh","1.6.1"
"gitcreds","0.1.2"
"glmnet","5.0"
"GlobalOptions","0.1.4"
"globals","0.19.1"
"glue","1.8.1"
"gmodels","2.19.1"
"goftest","1.2-3"
"GPArotation","2026.8-2"
"gplots","3.3.0"
"graphics","4.6.0"
"grDevices","4.6.0"
"grid","4.6.0"
"gridExtra","2.3.1"
"gridtext","0.1.6"
"gt","1.3.0"
"gtable","0.3.6"
"gtools","3.9.5"
"gtsummary","2.6.1"
"harmony","2.0.5"
"haven","2.5.5"
"hdf5r","1.3.16"
"here","1.0.2"
"highr","0.12"
"hms","1.1.4"
"htmltools","0.5.9"
"htmlwidgets","1.6.4"
"httpuv","1.6.17"
"httr","1.4.9"
"httr2","1.3.0"
"hugene10sttranscriptcluster.db","8.8.0"
"hugene11sttranscriptcluster.db","8.8.0"
"hugene20sttranscriptcluster.db","8.8.0"
"ica","1.0-3"
"ieugwasr","1.1.0.9000"
"igraph","2.3.3"
"illuminaHumanv3.db","1.26.0"
"illuminaHumanWGDASLv4.db","1.26.0"
"impute","1.86.0"
"ini","0.3.1"
"IRanges","2.46.0"
"irlba","2.3.7"
"isoband","0.3.0"
"iterators","1.0.14"
"jomo","2.7-6"
"jpeg","0.1-11"
"jquerylib","0.1.4"
"jsonlite","2.0.0"
"juicyjuice","0.1.0"
"KEGGREST","1.52.2"
"kernlab","0.9-33"
"KernSmooth","2.23-27"
"knitr","1.52"
"labeling","0.4.3"
"labelled","2.16.1"
"lambda.r","1.2.4"
"later","1.4.8"
"lattice","0.23-1"
"lazyeval","0.2.3"
"LDlinkR","1.4.0"
"leidenbase","0.1.37"
"lifecycle","1.0.5"
"limma","3.68.5"
"listenv","1.0.0"
"litedown","0.11"
"lme4","2.0-6"
"lmtest","0.9-40"
"locfdr","1.1-8"
"locfit","1.5-9.12"
"magrittr","2.0.5"
"markdown","2.0"
"MASS","7.3-66"
"mathjaxr","2.0-0"
"Matrix","1.7-6"
"MatrixGenerics","1.24.0"
"MatrixModels","0.5-4"
"matrixStats","1.5.0"
"mcmc","0.9-8"
"MCMCpack","1.7-1"
"memoise","2.0.1"
"memuse","4.2-3"
"metadat","1.6-0"
"metafor","5.0-1"
"metap","1.14"
"methods","4.6.0"
"mgcv","1.9-4"
"mice","3.19.0"
"mime","0.13"
"miniUI","0.1.2"
"minqa","1.2.8"
"mitml","0.4-5"
"mitools","2.7"
"mixsqp","0.3-54"
"mixtools","2.0.0.1"
"mnormt","2.1.2"
"MRMix","0.1.0"
"MRPRESSO","1.0"
"multcomp","1.4-32"
"MuSiC","1.0.0"
"mutoss","0.1-14"
"mvtnorm","1.4-2"
"nlme","3.1-171"
"nloptr","2.2.1"
"nnet","7.3-21"
"nnls","1.6"
"numDeriv","2016.8-1.1"
"openssl","2.4.2"
"openxlsx","4.2.9"
"ordinal","2026.7-26"
"org.Hs.eg.db","3.23.1"
"otel","0.2.0"
"pak","0.11.1"
"pan","2.0"
"parallel","4.6.0"
"parallelly","1.48.0"
"patchwork","1.3.2"
"pbapply","1.7-5"
"permute","0.9-10"
"pheatmap","1.0.13"
"pillar","1.11.1"
"pinfsc50","1.3.0"
"pkgbuild","1.4.8"
"pkgconfig","2.0.3"
"pkgdown","2.2.1"
"pkgload","1.5.3"
"plotly","4.12.1"
"plotrix","3.8-14"
"plyr","1.8.9"
"png","0.1-9"
"polyclip","1.10-7"
"ppcor","1.1"
"praise","1.0.0"
"prettyunits","1.2.0"
"pROC","1.19.1"
"processx","3.9.0"
"profvis","0.4.0"
"progress","1.2.3"
"progressr","1.0.0"
"promises","1.5.0"
"proxy","0.4-29"
"ps","1.9.3"
"psych","2.6.5"
"purrr","1.2.2"
"qqconf","1.3.2"
"quadprog","1.5-8"
"quantreg","6.1"
"R.methodsS3","1.8.2"
"R.oo","1.27.1"
"R.utils","2.13.0"
"R6","2.6.1"
"RadialMR","1.2.4"
"ragg","1.5.2"
"RANN","2.6.3"
"rappdirs","0.3.4"
"rbibutils","2.4.1"
"rcmdcheck","1.4.0"
"RColorBrewer","1.1-3"
"Rcpp","1.1.2"
"RcppAnnoy","0.0.23"
"RcppArmadillo","15.6.0-1"
"RcppEigen","0.3.4.0.2"
"RcppHNSW","0.7.0"
"RcppParallel","6.2.1"
"RcppProgress","0.4.2"
"RcppTOML","0.2.3"
"Rdpack","2.6.6"
"rdtools","0.1.0"
"reactable","0.4.5"
"reactR","0.6.1"
"readr","2.2.0"
"readxl","1.5.0"
"reformulas","0.4.4"
"rematch","2.0.0"
"remotes","2.5.0"
"reshape","0.8.10"
"reshape2","1.4.5"
"reticulate","1.47.0"
"Rfast","2.1.5.2"
"Rfast2","0.1.5.6"
"RhpcBLASctl","0.23-42"
"rjson","0.2.23"
"rlang","1.3.0"
"rmarkdown","2.32"
"Rnanoflann","0.0.3"
"robustbase","0.99-7"
"RobustRankAggreg","1.2.1"
"ROCR","1.0-12"
"roxygen2","8.1.0"
"rpart","4.1.27"
"rprojroot","2.1.1"
"RSpectra","0.16-2"
"RSQLite","3.53.3"
"rstudioapi","0.19.0"
"rsvd","1.0.5"
"Rtsne","0.17"
"rversions","3.0.0"
"s2","1.1.12"
"S4Arrays","1.12.0"
"S4Vectors","0.50.2"
"S7","0.2.2"
"sandwich","3.1-3"
"sass","0.4.10"
"scales","1.4.0"
"scattermore","1.2"
"sctransform","0.4.3"
"segmented","2.2-2"
"Seqinfo","1.2.0"
"sessioninfo","1.2.4"
"Seurat","5.5.1"
"SeuratObject","5.4.0"
"sf","1.1-3"
"shape","1.4.6.1"
"shiny","1.14.0"
"SingleCellExperiment","1.34.0"
"sitmo","2.0.2"
"sn","2.1.3"
"sourcetools","0.1.7-2"
"sp","2.2-3"
"spam","2.11-4"
"SparseArray","1.12.2"
"SparseM","1.84-2"
"spatial","7.3-19"
"spatstat.data","3.1-9"
"spatstat.explore","3.8-2"
"spatstat.geom","3.8-2"
"spatstat.random","3.5-1"
"spatstat.sparse","3.2-0"
"spatstat.univar","3.2-0"
"spatstat.utils","3.2-5"
"splines","4.6.0"
"srvyr","1.3.1"
"statmod","1.5.2"
"stats","4.6.0"
"stats4","4.6.0"
"stringi","1.8.9"
"stringr","1.6.0"
"SummarizedExperiment","1.42.0"
"survey","4.5"
"survival","3.8-12"
"susieR","0.14.2"
"svglite","2.2.2"
"sys","3.4.3"
"systemfonts","1.3.2"
"tableone","0.13.2"
"tcltk","4.6.0"
"tensor","1.5.1"
"testthat","3.3.2"
"textshaping","1.0.5"
"TFisher","0.2.1"
"TH.data","1.1-5"
"tibble","3.3.1"
"tidyr","1.3.2"
"tidyselect","1.2.1"
"tinytex","0.60"
"TOAST","1.26.0"
"tools","4.6.0"
"translations","4.6.0"
"TwoSampleMR","0.7.9"
"tzdb","0.5.0"
"ucminf","1.2.3"
"units","1.0-1"
"urlchecker","2.0.0"
"usethis","3.2.2"
"utf8","1.2.6"
"utils","4.6.0"
"uwot","0.2.5"
"V8","8.2.0"
"vcfR","1.16.0"
"vctrs","0.7.3"
"vegan","2.7-6"
"VennDiagram","1.8.2"
"VGAM","1.1-14"
"vipor","0.4.7"
"viridis","0.6.5"
"viridisLite","0.4.3"
"vroom","1.7.1"
"waldo","0.6.2"
"whisker","0.4.1"
"withr","3.0.3"
"wk","0.9.5"
"writexl","2.0.1"
"WriteXLS","6.8.0"
"xfun","0.60"
"XML","3.99-0.24"
"xml2","1.6.0"
"xopen","1.0.1"
"xtable","1.8-8"
"XVector","0.52.0"
"yaml","2.3.12"
"zigg","0.0.2"
"zip","3.0.2"
"zoo","1.9-0"
